signup_flow,-0.03156084649512841
country_destination,1.0
date_in_month,-0.006330200092663521
month,0.007327300722350736
span,0.0220898398749625
active_hours,-0.003737693086638719
lat_destination,0.293752320058847
lng_destination,-0.6983454625345633
distance_km,-0.5421220171191135
destination_km2,0.6426488380128522
language_levenshtein_distance,-0.428774280862355
action_-1,0.03708066532105087
action_10,-0.001193977528624979
action_11,-0.0057376054553185995
action_12,0.0018396470063498603
action_15,-0.004259253322709184
action_about_us,-0.00626973734881077
action_accept_decline,-0.006665142484397622
action_account,-0.000990077582029683
action_acculynk_bin_check_failed,-0.006665142484397622
action_acculynk_bin_check_success,-0.006607045807878184
action_acculynk_load_pin_pad,-0.006607045807878184
action_acculynk_pin_pad_error,-0.006665142484397622
action_acculynk_pin_pad_inactive,-0.006618936054607165
action_acculynk_pin_pad_success,-0.006665142484397622
action_acculynk_session_obtained,-0.006607045807878184
action_active,-0.004505373204892153
action_add_business_address_colorbox,-0.006665142484397622
action_add_guest_colorbox,-0.006665142484397622
action_add_guests,-0.006454238328243144
action_add_note,-0.005286346820654949
action_agree_terms_check,0.0016247087669572376
action_agree_terms_uncheck,-0.006492606740019736
action_airbnb_picks,-0.006629868570681872
action_airbrb,-0.0066306916331636025
action_ajax_check_dates,0.011233068317272983
action_ajax_get_referrals_amt,0.0056226926814030645
action_ajax_get_results,-0.006112489600908417
action_ajax_google_translate,-0.006571535000834227
action_ajax_google_translate_description,-0.007345660431045918
action_ajax_google_translate_reviews,-0.01001530361092533
action_ajax_image_upload,0.011682543971225357
action_ajax_ldp,-0.0066307917411464155
action_ajax_lwlb_contact,0.010896039079753318
action_ajax_payout_edit,-0.006968613250877333
action_ajax_payout_options_by_country,-0.006870799048919061
action_ajax_payout_split_edit,-0.006690191459302593
action_ajax_photo_widget,-0.006605194694984208
action_ajax_photo_widget_form_iframe,0.005664978231243137
action_ajax_price_and_availability,-0.0058267269443947585
action_ajax_referral_banner_experiment_type,0.00020085973782995263
action_ajax_referral_banner_type,-0.001643477954087552
action_ajax_refresh_subtotal,0.0075503953404567874
action_ajax_send_message,-0.006639186184804721
action_ajax_special_offer_dates_available,-0.006653795610618391
action_ajax_statsd,-0.007697158956646935
action_ajax_worth,-0.006708011949225615
action_apply,-0.00667058874980175
action_apply_code,-0.006994777673148102
action_apply_coupon_click,-0.002684971924332783
action_apply_coupon_click_success,-0.006596361669889828
action_apply_coupon_error,-0.0027797559733918373
action_apply_coupon_error_type,-0.002749754678875977
action_apply_reservation,0.008013057313123762
action_approve,-0.006638951380219978
action_ask_question,0.015511417168780696
action_at_checkpoint,0.007398447436836295
action_authenticate,0.0026715659214751946
action_authorize,-0.0064652269722808246
action_available,-0.0024424258113662674
action_badge,-0.006780501523418603
action_become_user,-0.006570655603962084
action_book,-0.006665142484397622
action_booking,-0.006657994189740703
action_braintree_client_token,-0.006665142484397622
action_business_travel,-0.006665142484397622
action_calendar_tab_inner2,0.005096341283818505
action_callback,0.00597312323675334
action_campaigns,-0.002433338087705932
action_cancel,-0.0055202285483147455
action_cancellation_policies,0.01367600159117425
action_cancellation_policy_click,-0.0047299087092224764
action_change,-0.0025825070113950385
action_change_availability,-0.0067493361172741365
action_change_currency,-0.007162410709809625
action_change_default_payout,-0.006697892357419174
action_change_password,-0.0066303131045820935
action_check,-0.006831926961234852
action_city_count,-0.006688253291082655
action_clear_reservation,-0.006572566070809173
action_click,-0.002271688437354999
action_clickthrough,-0.006574106082144192
action_collections,-0.00726415524068985
action_complete,-0.0035654011743388218
action_complete_redirect,0.002508154715689711
action_complete_status,0.00607210509291382
action_concierge,-0.006364958240875287
action_confirm_email,0.02588090098654763
action_confirmation,-0.006673400911940813
action_connect,0.010112822085174358
action_contact_new,-0.005454288656749046
action_countries,-0.006764757839222991
action_country_options,-0.0069146606136702435
action_coupon_code_click,-0.005125083951386235
action_coupon_field_focus,-0.0018808479566287542
action_create,0.018171376218248686
action_create_ach,-0.006677004583860577
action_create_airbnb,-0.006669340888221537
action_create_multiple,-0.006257189368249754
action_create_paypal,-0.0067430258062646424
action_currencies,-0.006862112272264058
action_custom_recommended_destinations,-0.006665142484397622
action_dashboard,0.03067667252432062
action_deactivate,-0.006669340888221537
action_deactivated,-0.006665142484397622
action_deauthorize,-0.006653795610618391
action_decision_tree,-0.005208877365928828
action_delete,-0.00026129065320545426
action_department,-0.006602956192230985
action_departments,-0.006689719601070102
action_desks,-0.006653795610618391
action_destroy,-0.006797771507983938
action_detect_fb_session,-0.006779596230520963
action_disaster_action,-0.006689914474964208
action_domains,-0.007704587280134253
action_edit,0.027131474159453463
action_edit_verification,0.018659380437594953
action_email_by_key,-0.006669340888221537
action_email_itinerary_colorbox,-0.006201025672754355
action_email_share,-0.006611247620272877
action_email_wishlist,-0.006614753779175057
action_endpoint_error,-0.004111528068805952
action_envoy_bank_details_redirect,-0.00665379561061839
action_envoy_form,-0.006685994116675825
action_events,-0.006665142484397622
action_facebook_auto_login,-0.004031031263892673
action_faq,-0.0013007374970669492
action_faq_category,-0.006767521131070938
action_faq_experiment_ids,-0.004992655181798113
action_feed,-0.00659613998032188
action_forgot_password,-0.0065047631930665525
action_founders,-0.006596094089678749
action_friend_listing,-0.006631948687408263
action_friends,-0.006864150328660398
action_friends_new,-0.0056649468619188
action_glob,-0.0045371684345758435
action_google_importer,-0.006637997298574009
action_guarantee,-0.006845968125223876
action_guest_billing_receipt,-0.0066207404804253765
action_guest_booked_elsewhere,-0.0055000689477268
action_handle_vanity_url,0.0010344768038005629
action_hard_fallback_submit,-0.006665142484397622
action_has_profile_pic,-0.006696047883586152
action_header_userpic,0.004487815820139053
action_home_safety_landing,-0.006594745601041084
action_home_safety_terms,-0.006755244372907802
action_hospitality,-0.006744934629003615
action_hospitality_standards,-0.006581252143481454
action_host_2013,-0.006669543248247143
action_host_cancel,-0.006665142484397622
action_host_summary,-0.007086213646728646
action_hosting_social_proof,-0.0018631878996617907
action_how_it_works,-0.0067586467490690135
action_identity,0.04130613795323685
action_image_order,-0.005542104877488875
action_impressions,0.004158157816885476
action_index,0.004307210824435408
action_invalid_action,-0.006735210304685809
action_issue,-0.006087369201829147
action_itinerary,-0.0012286722767420738
action_jumio,-0.0062201589298847585
action_jumio_redirect,0.003944058248112803
action_jumio_token,0.007619206356166563
action_kba,0.009614626844737784
action_kba_update,0.018842615122628623
action_languages_multiselect,-0.003378836006842438
action_life,-0.006644516003233279
action_listing,-0.006390171471213337
action_listings,0.002238558346197031
action_load_more,-0.006635165054090271
action_locale_from_host,-0.00664034633451574
action_localization_settings,-0.006222510396413163
action_localized,-0.006685302121665139
action_locations,-0.006602813405771986
action_login,-0.0064653318716426395
action_login_modal,-0.0048806176597374715
action_lookup,0.005442262793901937
action_manage_listing,-0.017337709146001426
action_maybe_information,-0.006661209371607599
action_media_resources,-0.006678016477528635
action_message,-0.006645665208500868
action_message_to_host_change,0.0014678256433432164
action_message_to_host_focus,0.003251629903021546
action_mobile_landing_page,-0.006668665902625267
action_mobile_oauth_callback,-0.006242043428832983
action_multi,-0.00661139909308183
action_multi_message,-0.006593789256816823
action_multi_message_attributes,-0.006499180478332593
action_my,-0.002821395085205418
action_my_listings,-0.006458802935715476
action_my_reservations,-0.006665142484397622
action_new,-0.009526224774163844
action_new_host,-0.006674510186131588
action_new_session,-0.006530841326480759
action_notifications,-0.0033760822649078195
action_nyan,-0.006669340888221547
action_office_location,-0.006630515359371158
action_onenight,-0.006519817616917121
action_open_graph_setting,-0.0076260022647130585
action_open_hard_fallback_modal,-0.006595021717578216
action_other_hosting_reviews,-0.00566986581806157
action_other_hosting_reviews_first,-0.001000757429170407
action_overview,-0.006942736957569131
action_p4_refund_policy_terms,-0.006419362208461664
action_p4_terms,-0.00654372622741713
action_patch,-0.0068697761017347155
action_pay,-0.0012937160167600327
action_payment_instruments,0.00025807880116061654
action_payment_methods,0.005746286745167568
action_payoneer_account_redirect,-0.006717656636258363
action_payoneer_signup_complete,-0.00670960581761354
action_payout_delete,-0.006681934922416555
action_payout_preferences,-0.006960600314303493
action_payout_update,-0.006919078546018408
action_pending,0.02667414515097328
action_pending_tickets,-0.0061697353724093455
action_personalize,0.003037208861852178
action_phone_number_widget,0.0016050375205213681
action_phone_verification,-0.006725175993201062
action_phone_verification_call_taking_too_long,-0.0068046825535511505
action_phone_verification_error,-0.00621132385740828
action_phone_verification_modal,-0.008475861665330299
action_phone_verification_number_submitted_for_call,-0.006577814303937894
action_phone_verification_number_submitted_for_sms,-0.005366499253225734
action_phone_verification_number_sucessfully_submitted,-0.0055572350011041625
action_phone_verification_phone_number_removed,-0.00695776386159813
action_phone_verification_success,-0.005366629297894401
action_photography,-0.006194287427882517
action_photography_update,-0.006645665208500872
action_place_worth,-0.006805002305259287
action_plaxo_cb,-0.006695249684226782
action_popular,-0.006984501243077537
action_popular_listing,-0.0066978855748371586
action_populate_from_facebook,0.008064862464767054
action_populate_help_dropdown,-0.005978807142776198
action_position,-0.006852671312424745
action_preapproval,-0.006648613851417336
action_press_content,-0.006718065546856843
action_press_news,-0.006632635040874137
action_press_release,-0.006450883890021741
action_pricing,-0.006678845878725193
action_print_confirmation,-0.006637267648305769
action_privacy,-0.0065230608716099325
action_profile_pic,0.011725711731088205
action_push_notification_callback,-0.00020810224707749715
action_qt2,0.03636244169921837
action_qt_reply_v2,0.012594700697359415
action_qt_with,-0.0025247882300968596
action_questions,-0.006677598843016665
action_rate,-0.006508148717536144
action_reactivate,-0.006669340888221537
action_read_policy_click,-0.0044170659995277466
action_receipt,-0.0053976398043840855
action_recent_reservations,-0.005333711892053818
action_recommend,-0.007230839568838352
action_recommendation_page,-0.006669340888221537
action_recommendations,-0.004377540264837087
action_recommended_listings,0.003598164214702258
action_redirect,-0.006633622103486717
action_references,0.005629207704040295
action_referrer_status,-0.0071069828585940955
action_refund_guest_cancellation,-0.006665142484397622
action_relationship,-0.006776542705857021
action_remove_dashboard_alert,-0.005743480796154371
action_rentals,-0.0066941114609638044
action_report,-0.006665142484397622
action_reputation,-0.006849699612539346
action_request_new_confirm_email,0.011337917867268567
action_request_photography,-0.00656037907975567
action_requested,0.062225058024562574
action_requirements,-0.006395338543254461
action_reservation,-0.006613455423546905
action_reset_calendar,-0.006665142484397622
action_respond,-0.006557859532190526
action_rest-of-world,-0.006665142484397622
action_revert_to_admin,-0.006665142484397622
action_review_page,-0.004942214753578541
action_reviews,-0.008606959948132858
action_reviews_new,0.0018773388216665814
action_salute,-0.007197973042701348
action_sandy,-0.006665142484397622
action_satisfy,-0.006697892357419174
action_search,-0.005649012602502538
action_search_results,0.0017232297968188953
action_set_default,-0.006669340888221537
action_set_minimum_payout_amount,-0.006665142484397622
action_set_password,-0.006551325683397707
action_set_user,-0.015187138385544318
action_settings,-0.006486858791052935
action_show,-0.0027811323299682987
action_show_code,-0.006762722474545518
action_show_personalize,0.01945562233818333
action_signature,-0.0024017198843282756
action_signed_out_modal,-0.006674039418795136
action_signup_login,-0.00406298764393182
action_signup_modal,-0.006684057158330144
action_signup_weibo,-0.0066423117435413966
action_signup_weibo_referral,-0.0066495800656433575
action_similar_listings,0.003377838487157246
action_similar_listings_v2,-0.006544636044420487
action_sldf,-0.006669340888221537
action_slideshow,-0.006510384455486651
action_social,-0.00667357809548234
action_social-media,-0.006654493884774978
action_social_connections,-0.008642567655785955
action_south-america,-0.006665142484397622
action_southern-europe,-0.006669340888221547
action_special_offer,-0.006669340888221537
action_spoken_languages,-0.00666759673638498
action_status,0.0006883003645378989
action_stpcv,-0.006665142484397622
action_sublets,-0.006636129555332408
action_submit_contact,-0.0063547501963043635
action_support_phone_numbers,-0.006665142484397622
action_supported,-0.00540812257398595
action_sync,-0.006677598843016663
action_tell_a_friend,-0.00359606313321296
action_terms,-0.0038048839306020423
action_terms_and_conditions,-0.006478832832420293
action_this_hosting_reviews,-0.0051407538711590595
action_this_hosting_reviews_3000,-0.006665142484397622
action_toggle_archived_thread,-0.0056261184142306075
action_toggle_availability,-0.006653795610618391
action_toggle_starred_thread,-0.006044382913177702
action_top_destinations,-0.006573631735340076
action_tos_2014,-0.006673400911940813
action_tos_confirm,-0.006579657794118868
action_track_activity,-0.0066816582420148535
action_track_page_view,0.0007317337017849269
action_transaction_history,-0.005791471287967347
action_transaction_history_paginated,-0.005544066745611775
action_travel,-0.006639363707105078
action_travel_plans_current,0.03279269821187442
action_travel_plans_previous,-0.006466896956297065
action_trust,-0.005746278811473732
action_unavailabilities,-0.002276315899062072
action_united-states,-0.0066859826870324535
action_unread,-0.0066852113224075155
action_unsubscribe,-0.006665142484397622
action_update,-0.018883434988345597
action_update_cached,-0.006151423660335845
action_update_country_of_residence,-0.006618639080629185
action_update_friends_display,-0.006572135320826772
action_update_hide_from_search_engines,-0.006460634246776814
action_update_message,-0.006653795610618391
action_update_notifications,-0.005538318337005488
action_update_reservation_requirements,-0.006643245690248992
action_upload,-0.005690469359472574
action_uptodate,-0.008409812632243722
action_use_mobile_site,-0.006673400911940813
action_verify,0.03175289440738211
action_view,-0.006665142484397622
action_views,-0.0067099254625999265
action_views_campaign,-0.00665281255438197
action_views_campaign_rules,-0.006673539095816898
action_webcam_upload,-0.004799622047528611
action_weibo_signup_referral_finish,-0.006665407485913685
action_why_host,-0.006714857497444843
action_widget,-0.006847539531357943
action_wishlists,-0.006653795610618391
action_zendesk_login_jwt,-0.006649992953992597
action_detail_-1,0.0034785452872509227
action_detail_-unknown-,0.023893120117916437
action_detail_account_notification_settings,0.0018984068439233865
action_detail_account_payment_methods,-0.006665142484397622
action_detail_account_payout_preferences,-0.006960600314303493
action_detail_account_privacy_settings,-0.0065230608716099325
action_detail_account_transaction_history,-0.005791471287967347
action_detail_admin_templates,-0.006151423660335845
action_detail_airbnb_picks_wishlists,-0.006629868570681872
action_detail_alteration_field,-0.0058267269443947585
action_detail_alteration_request,-0.0064282034995619295
action_detail_apply_coupon,0.008013057313123762
action_detail_apply_coupon_click,-0.002684971924332783
action_detail_apply_coupon_click_success,-0.006596361669889828
action_detail_apply_coupon_error,-0.0027797559733918373
action_detail_at_checkpoint,0.007398447436836295
action_detail_book_it,-0.0032781219946409223
action_detail_booking,-0.006657994189740703
action_detail_calculate_worth,-0.006708011949225615
action_detail_cancellation_policies,0.01367600159117425
action_detail_cancellation_policy,-0.006665142484397622
action_detail_cancellation_policy_click,-0.0047299087092224764
action_detail_change_availability,-0.0067283656274396515
action_detail_change_contact_host_dates,0.011233068317272983
action_detail_change_or_alter,-0.0025825070113950385
action_detail_change_password,-0.0066303131045820935
action_detail_change_trip_characteristics,0.0075503953404567874
action_detail_click_about_host,-0.006665142484397622
action_detail_click_amenities,-0.006665142484397622
action_detail_click_reviews,-0.006665142484397622
action_detail_complete_booking,-0.006434662303994378
action_detail_confirm_email,-0.006443510421055729
action_detail_confirm_email_link,0.02577267478206415
action_detail_contact_host,0.017280461365671875
action_detail_coupon_code_click,-0.005125083951386235
action_detail_coupon_field_focus,-0.0018808479566287542
action_detail_create_alteration_request,-0.00654022157007979
action_detail_create_listing,-0.015784498430344813
action_detail_create_payment_instrument,-0.006665142484397622
action_detail_create_phone_numbers,0.03418908196374533
action_detail_create_user,-0.002528241319376253
action_detail_dashboard,0.03067667252432062
action_detail_deactivate_user_account,-0.006665142484397622
action_detail_delete_listing,-0.0067715091168113715
action_detail_delete_listing_description,-0.0066777371072091396
action_detail_delete_payment_instrument,-0.006665142484397622
action_detail_delete_phone_numbers,-0.0036776562420205183
action_detail_edit_profile,0.027269969093738244
action_detail_email_wishlist,-0.006611247620272877
action_detail_email_wishlist_button,-0.006614753779175057
action_detail_forgot_password,-0.0065047631930665525
action_detail_friends_wishlists,-0.006864150328660398
action_detail_guest_cancellation,-0.0055202285483147455
action_detail_guest_itinerary,-0.0012286722767420738
action_detail_guest_receipt,-0.0053976398043840855
action_detail_header_userpic,0.004487815820139053
action_detail_homepage,-0.006755269351677416
action_detail_host_guarantee,-0.006845968125223876
action_detail_host_home,-0.007058232078210916
action_detail_host_refund_guest,-0.006665142484397622
action_detail_host_respond,-0.006657994189740703
action_detail_host_respond_page,-0.006665142484397622
action_detail_host_standard_suspension,-0.006665142484397622
action_detail_instant_book,-0.006879442339925751
action_detail_list_your_space,-0.010931738491116125
action_detail_listing_descriptions,-0.00992278772471568
action_detail_listing_recommendations,-0.004367230375025784
action_detail_listing_reviews,-0.009109325006470608
action_detail_listing_reviews_page,-0.0051407538711590595
action_detail_login,0.002235940752902377
action_detail_login_modal,-0.0048806176597374715
action_detail_login_page,-0.005529477402762012
action_detail_lookup_message_thread,-0.0025247882300968596
action_detail_manage_listing,-0.017337709146001426
action_detail_message_inbox,0.005097922013818771
action_detail_message_post,0.04065449703133046
action_detail_message_thread,0.03675701750853634
action_detail_message_to_host_change,0.0014678256433432164
action_detail_message_to_host_focus,0.003251629903021546
action_detail_modify_reservations,-0.006665142484397622
action_detail_modify_users,-0.006665142484397622
action_detail_move_map,-0.006665142484397622
action_detail_notifications,-0.010135029160953702
action_detail_oauth_login,0.010097897124005007
action_detail_oauth_response,0.00597312323675334
action_detail_p1,0.006659058304748919
action_detail_p3,-0.005021284792970006
action_detail_p4,0.004158157816885476
action_detail_p4_refund_policy_terms,-0.006419362208461664
action_detail_p4_terms,-0.00654372622741713
action_detail_p5,0.05810283142027467
action_detail_payment_instruments,0.0003418777937203149
action_detail_pending,0.02706515045552446
action_detail_phone_numbers,-0.006665142484397622
action_detail_phone_verification_success,-0.005366629297894401
action_detail_photos,-0.006665142484397622
action_detail_place_worth,-0.006805002305259287
action_detail_popular_wishlists,-0.006984501243077537
action_detail_post_checkout_action,0.018795727969249165
action_detail_previous_trips,-0.006466896956297065
action_detail_profile_references,0.005629207704040295
action_detail_profile_reviews,-0.006665142484397622
action_detail_profile_verifications,0.018659380437594953
action_detail_read_policy_click,-0.0044170659995277466
action_detail_remove_dashboard_alert,-0.006461138375184653
action_detail_request_new_confirm_email,0.011337917867268567
action_detail_request_to_book,-0.00455857991613396
action_detail_reservations,-0.0011041597173650699
action_detail_respond_to_alteration_request,-0.006557859532190526
action_detail_send_message,0.012578404965370382
action_detail_set_default_payment_instrument,-0.006665142484397622
action_detail_set_password,-0.0066805577683010575
action_detail_set_password_page,-0.0065716564987193405
action_detail_share,-0.006665142484397622
action_detail_signup,-0.014531513186377017
action_detail_signup_login_page,-0.00406298764393182
action_detail_signup_modal,-0.006684057158330144
action_detail_similar_listings,0.003377838487157246
action_detail_special_offer_field,-0.006653795610618391
action_detail_terms_and_privacy,-0.0038048839306020423
action_detail_toggle_archived_thread,-0.0056261184142306075
action_detail_toggle_starred_thread,-0.006044382913177702
action_detail_tos_2014,-0.006673400911940813
action_detail_translate_listing_reviews,-0.01001530361092533
action_detail_translations,-0.006744373419992769
action_detail_trip_availability,-0.0024725819840720935
action_detail_unavailable_dates,-0.0021530712582211774
action_detail_update_listing,-0.022637768342614228
action_detail_update_listing_description,-0.013852225382911731
action_detail_update_user,-0.006165272581512805
action_detail_update_user_profile,0.01348590603268195
action_detail_user_friend_recommendations,-0.006672046143309784
action_detail_user_languages,-0.00666759673638498
action_detail_user_listings,0.0012873017606943222
action_detail_user_profile,-0.004548737243242201
action_detail_user_profile_content_update,0.01945562233818333
action_detail_user_reviews,-0.005128862864219224
action_detail_user_social_connections,-0.008390498982214795
action_detail_user_tax_forms,-0.006719299347425963
action_detail_user_wishlists,-0.006125646168026059
action_detail_view_ghosting_reasons,-0.006665142484397622
action_detail_view_ghostings,-0.006665142484397622
action_detail_view_identity_verifications,-0.006665142484397622
action_detail_view_listing,-0.008106689885556257
action_detail_view_locations,-0.006665142484397622
action_detail_view_reservations,-0.006665142484397622
action_detail_view_resolutions,-0.006665142484397622
action_detail_view_search_results,-0.0036077040711060796
action_detail_view_security_checks,-0.006665142484397622
action_detail_view_user_real_names,-0.006665142484397622
action_detail_wishlist,-0.0017157959834294158
action_detail_wishlist_content_update,0.003037208861852178
action_detail_wishlist_note,-0.005286346820654949
action_detail_your_listings,-0.009608169956799568
action_detail_your_reservations,-0.006458802935715476
action_detail_your_trips,0.03279269821187442
action_type_-1,0.0034785452872509227
action_type_-unknown-,0.023893120117916437
action_type_booking_request,0.03760965771705016
action_type_booking_response,-0.006657994189740703
action_type_click,0.005291483215032673
action_type_data,0.0007974849617928831
action_type_message_post,0.04065449703133046
action_type_modify,-0.006665142484397622
action_type_partner_callback,0.00597312323675334
action_type_submit,-0.00477686102511613
action_type_view,0.00837802513198556
device_type_-unknown-,0.001056899211684999
device_type_Android App Unknown Phone/Tablet,-0.0016757994824675125
device_type_Android Phone,-0.0035210589164255167
device_type_Blackberry,-0.00612647743722266
device_type_Chromebook,0.002761430600206606
device_type_Linux Desktop,0.004545943447610602
device_type_Mac Desktop,0.012652311615698273
device_type_Opera Phone,-0.006607045807878184
device_type_Tablet,-0.004331759334907647
device_type_Windows Desktop,0.012126793393595865
device_type_Windows Phone,-0.0059793011941065045
device_type_iPad Tablet,-0.00421616732791367
device_type_iPhone,-0.004259330076303336
device_type_iPodtouch,-0.003534520547153796
secs_elapsed_Very_less,0.008607206275489453
secs_elapsed_Less,0.0075306833403605295
secs_elapsed_Descent,0.006870292937162197
secs_elapsed_More,0.008807933564457622
secs_elapsed_High,0.01620608503699225
secs_elapsed_Very_high,0.03398484309055429
action,0.04333563336823745
age_bucket_100+,0.019903621533478695
age_bucket_15-19,-0.0018453518709798942
age_bucket_20-24,0.017938836826576585
age_bucket_25-29,0.08667044390371496
age_bucket_30-34,-0.11659894096060804
age_bucket_35-39,0.04283245293682365
age_bucket_40-44,0.02621476502011825
age_bucket_45-49,0.010724420608300693
age_bucket_50-54,0.0033780909725099587
age_bucket_55-59,0.011469917869432108
age_bucket_60-64,0.007801683183533693
age_bucket_65-69,0.006048708419596346
age_bucket_70-74,-0.001932176896489193
age_bucket_75-79,0.00019836988324260852
age_bucket_80-84,-0.0022088228934538548
age_bucket_85-89,-0.0013195405716660007
age_bucket_90-94,-0.0017343879093168085
age_bucket_95-99,-0.0033317296442926946
destination_language _-1,-0.3720512606244538
destination_language _deu,-0.21718723359465605
destination_language _eng,0.6066672378053776
destination_language _fra,-0.3136917899986871
destination_language _ita,-0.11236635840847396
destination_language _nld,0.005007733509028115
destination_language _por,0.01945157351827755
destination_language _spa,-0.2628069053399668
language_ca,0.0009141757831940511
language_cs,-0.000988648821591107
language_da,-0.0011628588928875748
language_de,-0.007655840635811936
language_el,-0.004924042407774087
language_en,0.019098075756228367
language_es,-0.009940144897725624
language_fi,0.0012862685226701228
language_fr,-0.01739776318750451
language_hr,-0.0013542764627099263
language_hu,-0.0005737087934340463
language_id,-0.00449183733492501
language_is,0.0014234241053711954
language_it,-0.014998396641250564
language_ja,0.0005150880329710261
language_ko,-0.0006763306843782158
language_nl,-0.0019166966778677796
language_no,0.0009919237538869488
language_pl,-0.0045582503408861325
language_pt,-0.0005760660055386712
language_ru,-0.0060755921141045655
language_sv,0.0018976199577841527
language_th,-0.0016697516400814706
language_tr,2.5323693980051994e-05
language_zh,0.002024143707002874
part_of_month_End of month,-0.006583262963938437
part_of_month_Mid month,0.0009520327300515083
part_of_month_Start of month,0.005450422600544788
daypart_-1,0.003610744973161658
daypart_Afternoon,0.009432898110200816
daypart_Early Morning,-0.012317080262103378
daypart_Evening,-0.0017768629436152102
daypart_Late night,0.010380483031663537
daypart_Mid Day,-0.022790445528789186
gender_-unknown-,-0.10816219201082727
gender_FEMALE,0.05400716036472973
gender_MALE,0.06639707242382425
gender_OTHER,0.00582496982758299
first_affiliate_tracked_linked,0.015364603497995902
first_affiliate_tracked_local ops,-0.0016782218153584673
first_affiliate_tracked_marketing,0.004840892963148309
first_affiliate_tracked_omg,-0.03357324866377092
first_affiliate_tracked_product,-0.004999295238251682
first_affiliate_tracked_tracked-other,0.0007508635557282303
first_affiliate_tracked_unknown,-0.025640083046934613
first_affiliate_tracked_untracked,0.023416512486030515
affiliate_channel_api,-0.003420330811837548
affiliate_channel_content,-0.04549641629106907
affiliate_channel_direct,0.022675038104020013
affiliate_channel_other,0.01305252896328436
affiliate_channel_remarketing,-0.013266258557582605
affiliate_channel_sem-brand,-0.002402706432678497
affiliate_channel_sem-non-brand,-0.023797114115487728
affiliate_channel_seo,0.009151283208729386
affiliate_provider_baidu,0.0005523178034281777
affiliate_provider_bing,-0.010530924113455931
affiliate_provider_craigslist,0.015628309518412053
affiliate_provider_daum,0.0035971969574428568
affiliate_provider_direct,0.022351888069076755
affiliate_provider_email-marketing,-0.003412904876084105
affiliate_provider_facebook,-0.01165861776579663
affiliate_provider_facebook-open-graph,-0.009441984463842815
affiliate_provider_google,-0.022715319571120385
affiliate_provider_gsp,-0.015368893022014487
affiliate_provider_meetup,-0.01057265284219597
affiliate_provider_naver,0.0009901384399937819
affiliate_provider_other,0.0058429489130248135
affiliate_provider_padmapper,0.0002113592245835324
affiliate_provider_vast,-0.0031765793314203175
affiliate_provider_wayn,-0.0027085909946076908
affiliate_provider_yahoo,-0.003128722331789902
affiliate_provider_yandex,-0.0006342618796010102
first_browser_-unknown-,-0.04475204127806568
first_browser_AOL Explorer,-0.005898796264418307
first_browser_Android Browser,-0.000573616295626821
first_browser_Apple Mail,0.0007070144497109417
first_browser_Arora,-0.0009576158271902556
first_browser_Avant Browser,0.000362177283112081
first_browser_BlackBerry Browser,-0.0010279829768437608
first_browser_Camino,0.005098170430880409
first_browser_Chrome,0.04470132404156601
first_browser_Chrome Mobile,-0.003750682077273084
first_browser_Chromium,0.0035469363534211054
first_browser_CometBird,-0.0021461068693260695
first_browser_Comodo Dragon,-0.001354276462709925
first_browser_Conkeror,-0.0009576158271902585
first_browser_CoolNovo,-0.002345697620009634
first_browser_Crazy Browser,-0.0013542764627099335
first_browser_Epic,-0.0009576158271902565
first_browser_Firefox,0.020628285920057655
first_browser_Flock,-0.0013542764627099402
first_browser_Google Earth,-0.0009576158271902549
first_browser_Googlebot,0.003597196957442877
first_browser_IE,-0.02084521311264871
first_browser_IE Mobile,-0.0017603781095924113
first_browser_IceDragon,-0.0009576158271902642
first_browser_IceWeasel,0.0028637363960775136
first_browser_Iron,0.0012990432209498454
first_browser_Kindle Browser,0.0035971969574428624
first_browser_Maxthon,5.295148703607003e-05
first_browser_Mobile Firefox,0.0020314834199689305
first_browser_Mobile Safari,-0.01502219432981123
first_browser_Mozilla,0.0003136539931145155
first_browser_NetNewsWire,0.0024584937612846104
first_browser_OmniWeb,-0.0013542764627099458
first_browser_Opera,-0.0011717009626366645
first_browser_Opera Mini,0.001500888481485386
first_browser_Opera Mobile,-0.0013542764627099328
first_browser_Outlook 2007,-0.0009576158271902625
first_browser_PS Vita browser,-0.0009576158271902613
first_browser_Pale Moon,0.0006273212118165997
first_browser_Palm Pre web browser,0.0035971969574428503
first_browser_RockMelt,0.00042229242486378445
first_browser_Safari,-0.00512784774929116
first_browser_SeaMonkey,-0.0014594269203755767
first_browser_Silk,0.00038047618727597373
first_browser_SiteKiosk,-0.0007399542778835856
first_browser_SlimBrowser,0.0010612834509578291
first_browser_Sogou Explorer,0.00044563279132759384
first_browser_Stainless,0.0024584937612846113
first_browser_TenFourFox,0.002525195712431402
first_browser_TheWorld Browser,-0.0013542764627099075
first_browser_Yandex.Browser,-0.0018027668948508288
first_browser_wOSBrowser,0.0027679722383566765
first_device_type_Android Phone,-0.012129497636477861
first_device_type_Android Tablet,-0.0038300629988080124
first_device_type_Desktop (Other),0.002396713750281619
first_device_type_Mac Desktop,0.034763943274212804
first_device_type_Other/Unknown,-0.032030043955746254
first_device_type_SmartPhone (Other),-0.00038065701965859036
first_device_type_Windows Desktop,0.004945579826628402
first_device_type_iPad,-0.016340821472862196
first_device_type_iPhone,-0.023371394323482536
signup_app_Android,-0.022908674808113014
signup_app_Moweb,-0.0008079915818632064
signup_app_Web,0.03377067347550828
signup_app_iOS,-0.02844906419903044
signup_method_basic,0.010520150979952389
signup_method_facebook,-0.009440682867785027
signup_method_google,-0.009864745390892292
population_in_thousands,0.5193272889315833
year,0.2819690455618962
age_gender_dest_AU_-unknown-_100+,-0.01546475425181964
age_gender_dest_AU_-unknown-_15-19,-0.008928538200298293
age_gender_dest_AU_-unknown-_20-24,-0.008928538200298293
age_gender_dest_AU_-unknown-_25-29,-0.03458121385021006
age_gender_dest_AU_-unknown-_30-34,-0.08519078800963785
age_gender_dest_AU_-unknown-_35-39,-0.033408548286066944
age_gender_dest_AU_-unknown-_40-44,-0.019965005426069143
age_gender_dest_AU_-unknown-_45-49,-0.01262688939315925
age_gender_dest_AU_-unknown-_50-54,-0.01996500542606921
age_gender_dest_AU_-unknown-_55-59,-0.017857201890861072
age_gender_dest_AU_-unknown-_60-64,-0.008928538200298293
age_gender_dest_AU_-unknown-_70-74,-0.008928538200298285
age_gender_dest_AU_FEMALE_100+,-0.012626889393159249
age_gender_dest_AU_FEMALE_15-19,-0.012626889393159245
age_gender_dest_AU_FEMALE_20-24,-0.028235112153902935
age_gender_dest_AU_FEMALE_25-29,-0.06741782949506596
age_gender_dest_AU_FEMALE_30-34,-0.0656192354089875
age_gender_dest_AU_FEMALE_35-39,-0.04971549063636771
age_gender_dest_AU_FEMALE_40-44,-0.02961330482734357
age_gender_dest_AU_FEMALE_45-49,-0.028235112153902918
age_gender_dest_AU_FEMALE_50-54,-0.03219320724789931
age_gender_dest_AU_FEMALE_55-59,-0.025254133732622353
age_gender_dest_AU_FEMALE_60-64,-0.01785720189086107
age_gender_dest_AU_FEMALE_65-69,-0.0154647542518197
age_gender_dest_AU_FEMALE_70-74,-0.012626889393159245
age_gender_dest_AU_MALE_100+,-0.01262688939315925
age_gender_dest_AU_MALE_15-19,-0.01996500542606916
age_gender_dest_AU_MALE_20-24,-0.029613304827343572
age_gender_dest_AU_MALE_25-29,-0.05990062926096515
age_gender_dest_AU_MALE_30-34,-0.05282615179008608
age_gender_dest_AU_MALE_35-39,-0.052826151790085485
age_gender_dest_AU_MALE_40-44,-0.04282197181603545
age_gender_dest_AU_MALE_45-49,-0.03219320724789899
age_gender_dest_AU_MALE_50-54,-0.02678611657077178
age_gender_dest_AU_MALE_55-59,-0.015464754251819651
age_gender_dest_AU_MALE_60-64,-0.015464754251819705
age_gender_dest_AU_MALE_65-69,-0.01262688939315925
age_gender_dest_AU_MALE_70-74,-0.012626889393159249
age_gender_dest_AU_OTHER_25-29,-0.008928538200298293
age_gender_dest_CA_-unknown-_100+,-0.026985475367480152
age_gender_dest_CA_-unknown-_15-19,-0.029147781309555573
age_gender_dest_CA_-unknown-_20-24,-0.013492453221202837
age_gender_dest_CA_-unknown-_25-29,-0.04195229702262607
age_gender_dest_CA_-unknown-_30-34,-0.1433275632477851
age_gender_dest_CA_-unknown-_35-39,-0.040479635483860354
age_gender_dest_CA_-unknown-_40-44,-0.041952297022626095
age_gender_dest_CA_-unknown-_45-49,-0.031160434921071026
age_gender_dest_CA_-unknown-_50-54,-0.028087439073379263
age_gender_dest_CA_-unknown-_55-59,-0.017418763815183338
age_gender_dest_CA_-unknown-_60-64,-0.01101651611738079
age_gender_dest_CA_-unknown-_65-69,-0.011016516117380783
age_gender_dest_CA_-unknown-_70-74,-0.0077898350041399975
age_gender_dest_CA_FEMALE_100+,-0.013492453221202842
age_gender_dest_CA_FEMALE_15-19,-0.024634140557851257
age_gender_dest_CA_FEMALE_20-24,-0.04475254991990909
age_gender_dest_CA_FEMALE_25-29,-0.0805986951200211
age_gender_dest_CA_FEMALE_30-34,-0.0891858999270861
age_gender_dest_CA_FEMALE_35-39,-0.06281307513752736
age_gender_dest_CA_FEMALE_40-44,-0.041952297022626095
age_gender_dest_CA_FEMALE_45-49,-0.03736066168006193
age_gender_dest_CA_FEMALE_50-54,-0.03116043492107102
age_gender_dest_CA_FEMALE_55-59,-0.03305078710824793
age_gender_dest_CA_FEMALE_60-64,-0.026985475367480173
age_gender_dest_CA_FEMALE_65-69,-0.017418763815183366
age_gender_dest_CA_FEMALE_70-74,-0.01101651611738079
age_gender_dest_CA_FEMALE_85-89,-0.007789835004140004
age_gender_dest_CA_MALE_100+,-0.007789835004140004
age_gender_dest_CA_MALE_15-19,-0.02203334191290594
age_gender_dest_CA_MALE_20-24,-0.044069161512148555
age_gender_dest_CA_MALE_25-29,-0.07673823586180853
age_gender_dest_CA_MALE_30-34,-0.089864550734189
age_gender_dest_CA_MALE_35-39,-0.06702215626669612
age_gender_dest_CA_MALE_40-44,-0.0473877128017696
age_gender_dest_CA_MALE_45-49,-0.04337501397420592
age_gender_dest_CA_MALE_50-54,-0.04337501397420587
age_gender_dest_CA_MALE_55-59,-0.024634140557851188
age_gender_dest_CA_MALE_60-64,-0.025836565108116303
age_gender_dest_CA_MALE_65-69,-0.023369942963451663
age_gender_dest_CA_MALE_70-74,-0.013492453221202986
age_gender_dest_CA_OTHER_15-19,-0.007789835004140004
age_gender_dest_CA_OTHER_20-24,-0.0077898350041399975
age_gender_dest_CA_OTHER_30-34,-0.007789835004139999
age_gender_dest_CA_OTHER_40-44,-0.01101651611738079
age_gender_dest_DE_-unknown-_100+,-0.0148725222042977
age_gender_dest_DE_-unknown-_15-19,-0.018812550093189613
age_gender_dest_DE_-unknown-_20-24,-0.016292069961008696
age_gender_dest_DE_-unknown-_25-29,-0.03456239971695433
age_gender_dest_DE_-unknown-_30-34,-0.09074867916616379
age_gender_dest_DE_-unknown-_35-39,-0.03119810818317165
age_gender_dest_DE_-unknown-_40-44,-0.01629206996100868
age_gender_dest_DE_-unknown-_45-49,-0.017597488032186363
age_gender_dest_DE_-unknown-_50-54,-0.01881255009318961
age_gender_dest_DE_-unknown-_55-59,-0.014872522204297684
age_gender_dest_DE_-unknown-_60-64,-0.011520152190586108
age_gender_dest_DE_-unknown-_70-74,-0.006651131807981712
age_gender_dest_DE_FEMALE_100+,-0.00940614284160229
age_gender_dest_DE_FEMALE_15-19,-0.013302357097367774
age_gender_dest_DE_FEMALE_20-24,-0.049778926640153306
age_gender_dest_DE_FEMALE_25-29,-0.0572249855289656
age_gender_dest_DE_FEMALE_30-34,-0.06652674771645216
age_gender_dest_DE_FEMALE_35-39,-0.04361867952591497
age_gender_dest_DE_FEMALE_40-44,-0.031198108183171498
age_gender_dest_DE_FEMALE_45-49,-0.029746089635921947
age_gender_dest_DE_FEMALE_50-54,-0.019953769356132075
age_gender_dest_DE_FEMALE_55-59,-0.01995376935613206
age_gender_dest_DE_FEMALE_60-64,-0.021033168961799492
age_gender_dest_DE_FEMALE_65-69,-0.01629206996100865
age_gender_dest_DE_FEMALE_70-74,-0.00940614284160229
age_gender_dest_DE_FEMALE_90-94,-0.006651131807981714
age_gender_dest_DE_MALE_100+,-0.00940614284160229
age_gender_dest_DE_MALE_15-19,-0.018812550093189558
age_gender_dest_DE_MALE_20-24,-0.03762721568926128
age_gender_dest_DE_MALE_25-29,-0.059871407076333365
age_gender_dest_DE_MALE_30-34,-0.07165418696703588
age_gender_dest_DE_MALE_35-39,-0.04703600318827302
age_gender_dest_DE_MALE_40-44,-0.04560277650410894
age_gender_dest_DE_MALE_45-49,-0.028219486201912024
age_gender_dest_DE_MALE_50-54,-0.028219486201912204
age_gender_dest_DE_MALE_55-59,-0.026605462085388585
age_gender_dest_DE_MALE_60-64,-0.025760567546216
age_gender_dest_DE_MALE_65-69,-0.018812550093189592
age_gender_dest_DE_MALE_70-74,-0.014872522204297677
age_gender_dest_DE_OTHER_20-24,-0.006651131807981712
age_gender_dest_DE_OTHER_35-39,-0.006651131807981714
age_gender_dest_DE_OTHER_50-54,-0.006651131807981715
age_gender_dest_ES_-unknown-_100+,-0.01743219736574781
age_gender_dest_ES_-unknown-_15-19,-0.02272917731446775
age_gender_dest_ES_-unknown-_20-24,-0.033983837677888526
age_gender_dest_ES_-unknown-_25-29,-0.03819543111236824
age_gender_dest_ES_-unknown-_30-34,-0.12253708299391108
age_gender_dest_ES_-unknown-_35-39,-0.03442817036653823
age_gender_dest_ES_-unknown-_40-44,-0.02465342746660716
age_gender_dest_ES_-unknown-_45-49,-0.020626247356532124
age_gender_dest_ES_-unknown-_50-54,-0.02135024439421857
age_gender_dest_ES_-unknown-_55-59,-0.015591758273473219
age_gender_dest_ES_-unknown-_60-64,-0.01458472021384902
age_gender_dest_ES_-unknown-_65-69,-0.009547851159969319
age_gender_dest_ES_-unknown-_70-74,-0.0055124286118234285
age_gender_dest_ES_-unknown-_75-79,-0.0055124286118234285
age_gender_dest_ES_-unknown-_85-89,-0.00551242861182342
age_gender_dest_ES_FEMALE_100+,-0.0135027954928088
age_gender_dest_ES_FEMALE_15-19,-0.016537595748811976
age_gender_dest_ES_FEMALE_20-24,-0.06820926685560588
age_gender_dest_ES_FEMALE_25-29,-0.07621720859556541
age_gender_dest_ES_FEMALE_30-34,-0.08633251421117273
age_gender_dest_ES_FEMALE_35-39,-0.05402257259684346
age_gender_dest_ES_FEMALE_40-44,-0.03530007297947
age_gender_dest_ES_FEMALE_45-49,-0.033983837677888484
age_gender_dest_ES_FEMALE_50-54,-0.028109627255412682
age_gender_dest_ES_FEMALE_55-59,-0.024029132448726436
age_gender_dest_ES_FEMALE_60-64,-0.021350244394218388
age_gender_dest_ES_FEMALE_65-69,-0.018283085669661258
age_gender_dest_ES_FEMALE_70-74,-0.0055124286118234216
age_gender_dest_ES_FEMALE_75-79,-0.0055124286118234285
age_gender_dest_ES_FEMALE_90-94,-0.00551242861182342
age_gender_dest_ES_MALE_100+,-0.011024934700621119
age_gender_dest_ES_MALE_15-19,-0.018283085669661314
age_gender_dest_ES_MALE_20-24,-0.05142687227259177
age_gender_dest_ES_MALE_25-29,-0.06287035729943614
age_gender_dest_ES_MALE_30-34,-0.07838324534951217
age_gender_dest_ES_MALE_35-39,-0.05345662506783421
age_gender_dest_ES_MALE_40-44,-0.03656899841858722
age_gender_dest_ES_MALE_45-49,-0.031668865450866876
age_gender_dest_ES_MALE_50-54,-0.026438041408113854
age_gender_dest_ES_MALE_55-59,-0.021350244394218378
age_gender_dest_ES_MALE_60-64,-0.020626247356532294
age_gender_dest_ES_MALE_65-69,-0.019096104916252202
age_gender_dest_ES_MALE_70-74,-0.01350279549280888
age_gender_dest_ES_MALE_75-79,-0.005512428611823427
age_gender_dest_ES_MALE_85-89,-0.0055124286118234285
age_gender_dest_ES_OTHER_15-19,-0.005512428611823427
age_gender_dest_ES_OTHER_30-34,-0.005512428611823427
age_gender_dest_ES_OTHER_35-39,-0.005512428611823423
age_gender_dest_ES_OTHER_40-44,-0.0055124286118234285
age_gender_dest_FR_-unknown-_100+,-0.01906543099387452
age_gender_dest_FR_-unknown-_15-19,-0.029014934989949122
age_gender_dest_FR_-unknown-_20-24,-0.026963791286986432
age_gender_dest_FR_-unknown-_25-29,-0.0424140820968436
age_gender_dest_FR_-unknown-_30-34,-0.15269974383189852
age_gender_dest_FR_-unknown-_35-39,-0.039127030702012434
age_gender_dest_FR_-unknown-_40-44,-0.03711846468747889
age_gender_dest_FR_-unknown-_45-49,-0.030619520916544473
age_gender_dest_FR_-unknown-_50-54,-0.026606576873732114
age_gender_dest_FR_-unknown-_55-59,-0.022303017382969016
age_gender_dest_FR_-unknown-_60-64,-0.016939921242221066
age_gender_dest_FR_-unknown-_65-69,-0.019560765297292244
age_gender_dest_FR_-unknown-_70-74,-0.010713521024609027
age_gender_dest_FR_-unknown-_80-84,-0.004373725415665124
age_gender_dest_FR_FEMALE_100+,-0.014506345950433841
age_gender_dest_FR_FEMALE_15-19,-0.0214279455867865
age_gender_dest_FR_FEMALE_20-24,-0.06919504236815079
age_gender_dest_FR_FEMALE_25-29,-0.08544780851729346
age_gender_dest_FR_FEMALE_30-34,-0.10574958736482284
age_gender_dest_FR_FEMALE_35-39,-0.06665467808452712
age_gender_dest_FR_FEMALE_40-44,-0.05340664104792727
age_gender_dest_FR_FEMALE_45-49,-0.043747400549152875
age_gender_dest_FR_FEMALE_50-54,-0.038135954697768225
age_gender_dest_FR_FEMALE_55-59,-0.036859709905597636
age_gender_dest_FR_FEMALE_60-64,-0.027664395779341072
age_gender_dest_FR_FEMALE_65-69,-0.021869856619936578
age_gender_dest_FR_FEMALE_70-74,-0.017495516414023693
age_gender_dest_FR_FEMALE_75-79,-0.0061853962900453325
age_gender_dest_FR_FEMALE_80-84,-0.0061853962900453325
age_gender_dest_FR_MALE_100+,-0.014506345950433881
age_gender_dest_FR_MALE_15-19,-0.016365480380020794
age_gender_dest_FR_MALE_20-24,-0.04173148015269096
age_gender_dest_FR_MALE_25-29,-0.06877813517886401
age_gender_dest_FR_MALE_30-34,-0.08177462186651824
age_gender_dest_FR_MALE_35-39,-0.06094650574098151
age_gender_dest_FR_MALE_40-44,-0.05045586579235165
age_gender_dest_FR_MALE_45-49,-0.04033169265665195
age_gender_dest_FR_MALE_50-54,-0.04033169265665188
age_gender_dest_FR_MALE_55-59,-0.028347702983902674
age_gender_dest_FR_MALE_60-64,-0.027316338106221236
age_gender_dest_FR_MALE_65-69,-0.021427945586786408
age_gender_dest_FR_MALE_70-74,-0.015151419690638403
age_gender_dest_FR_MALE_75-79,-0.011571952395511648
age_gender_dest_FR_MALE_80-84,-0.004373725415665124
age_gender_dest_FR_MALE_90-94,-0.004373725415665125
age_gender_dest_FR_OTHER_20-24,-0.004373725415665125
age_gender_dest_FR_OTHER_25-29,-0.004373725415665125
age_gender_dest_FR_OTHER_30-34,-0.0061853962900453325
age_gender_dest_FR_OTHER_35-39,-0.010713521024609022
age_gender_dest_FR_OTHER_40-44,-0.004373725415665125
age_gender_dest_FR_OTHER_45-49,-0.004373725415665124
age_gender_dest_FR_OTHER_50-54,-0.004373725415665124
age_gender_dest_GB_-unknown-_100+,-0.009150174634040456
age_gender_dest_GB_-unknown-_15-19,-0.013725583482904154
age_gender_dest_GB_-unknown-_20-24,-0.016496407510524988
age_gender_dest_GB_-unknown-_25-29,-0.021943301384971265
age_gender_dest_GB_-unknown-_30-34,-0.07371718470267478
age_gender_dest_GB_-unknown-_35-39,-0.019411724879993132
age_gender_dest_GB_-unknown-_40-44,-0.015515421136165818
age_gender_dest_GB_-unknown-_45-49,-0.015515421136165773
age_gender_dest_GB_-unknown-_50-54,-0.014468103127977373
age_gender_dest_GB_-unknown-_55-59,-0.012529598090223828
age_gender_dest_GB_-unknown-_60-64,-0.01072960623120648
age_gender_dest_GB_-unknown-_65-69,-0.008559184577174018
age_gender_dest_GB_-unknown-_70-74,-0.00560324909873579
age_gender_dest_GB_-unknown-_75-79,-0.004575023014266861
age_gender_dest_GB_-unknown-_80-84,-0.003235022219506842
age_gender_dest_GB_-unknown-_85-89,-0.0032350222195068434
age_gender_dest_GB_FEMALE_100+,-0.009150174634040453
age_gender_dest_GB_FEMALE_15-19,-0.011206734465024747
age_gender_dest_GB_FEMALE_20-24,-0.03515097136213167
age_gender_dest_GB_FEMALE_25-29,-0.04182196599351709
age_gender_dest_GB_FEMALE_30-34,-0.04876634793997553
age_gender_dest_GB_FEMALE_35-39,-0.030866653188454423
age_gender_dest_GB_FEMALE_40-44,-0.02588399788303891
age_gender_dest_GB_FEMALE_45-49,-0.02241535936939452
age_gender_dest_GB_FEMALE_50-54,-0.021215546695759105
age_gender_dest_GB_FEMALE_55-59,-0.020461946402684828
age_gender_dest_GB_FEMALE_60-64,-0.018864717267552223
age_gender_dest_GB_FEMALE_65-69,-0.013725583482904145
age_gender_dest_GB_FEMALE_70-74,-0.008559184577174018
age_gender_dest_GB_FEMALE_75-79,-0.004575023014266861
age_gender_dest_GB_FEMALE_80-84,-0.0032350222195068412
age_gender_dest_GB_FEMALE_95-99,-0.0032350222195068434
age_gender_dest_GB_MALE_100+,-0.01023025417364431
age_gender_dest_GB_MALE_15-19,-0.007924246556409244
age_gender_dest_GB_MALE_20-24,-0.022647702153614342
age_gender_dest_GB_MALE_25-29,-0.03515097136213167
age_gender_dest_GB_MALE_30-34,-0.0432997054631608
age_gender_dest_GB_MALE_35-39,-0.03315719204233384
age_gender_dest_GB_MALE_40-44,-0.02608549393375611
age_gender_dest_GB_MALE_45-49,-0.022647702153614325
age_gender_dest_GB_MALE_50-54,-0.018013107325559854
age_gender_dest_GB_MALE_55-59,-0.018301378220600042
age_gender_dest_GB_MALE_60-64,-0.013338838254649392
age_gender_dest_GB_MALE_65-69,-0.009150174634040461
age_gender_dest_GB_MALE_70-74,-0.007924246556409248
age_gender_dest_GB_MALE_75-79,-0.007233797371640396
age_gender_dest_GB_MALE_80-84,-0.0032350222195068417
age_gender_dest_GB_MALE_85-89,-0.0032350222195068417
age_gender_dest_GB_OTHER_25-29,-0.003235022219506847
age_gender_dest_GB_OTHER_35-39,-0.004575023014266864
age_gender_dest_IT_-unknown-_100+,-0.008894282576568227
age_gender_dest_IT_-unknown-_15-19,-0.010689797638080726
age_gender_dest_IT_-unknown-_20-24,-0.012578945484999464
age_gender_dest_IT_-unknown-_25-29,-0.01677302765815313
age_gender_dest_IT_-unknown-_30-34,-0.05720242952198721
age_gender_dest_IT_-unknown-_35-39,-0.01309267358558776
age_gender_dest_IT_-unknown-_40-44,-0.012402978454430088
age_gender_dest_IT_-unknown-_45-49,-0.009833091504574312
age_gender_dest_IT_-unknown-_50-54,-0.010054111000191733
age_gender_dest_IT_-unknown-_55-59,-0.00811927493822656
age_gender_dest_IT_-unknown-_60-64,-0.00662928257759261
age_gender_dest_IT_-unknown-_65-69,-0.005134972088209478
age_gender_dest_IT_-unknown-_70-74,-0.0020963190233485407
age_gender_dest_IT_-unknown-_75-79,-0.0020963190233485402
age_gender_dest_IT_-unknown-_80-84,-0.0029646497384883575
age_gender_dest_IT_FEMALE_100+,-0.005929382814324088
age_gender_dest_IT_FEMALE_15-19,-0.007843946426997516
age_gender_dest_IT_FEMALE_20-24,-0.025425214323830683
age_gender_dest_IT_FEMALE_25-29,-0.030681815901274143
age_gender_dest_IT_FEMALE_30-34,-0.03746937649782841
age_gender_dest_IT_FEMALE_35-39,-0.024544605648208578
age_gender_dest_IT_FEMALE_40-44,-0.01728940322214234
age_gender_dest_IT_FEMALE_45-49,-0.01540664870323915
age_gender_dest_IT_FEMALE_50-54,-0.014373188002131148
age_gender_dest_IT_FEMALE_55-59,-0.01109337925026485
age_gender_dest_IT_FEMALE_60-64,-0.010689797638080702
age_gender_dest_IT_FEMALE_65-69,-0.008385570742658801
age_gender_dest_IT_FEMALE_70-74,-0.005546416758836604
age_gender_dest_IT_FEMALE_75-79,-0.0020963190233485407
age_gender_dest_IT_FEMALE_85-89,-0.003630948068119059
age_gender_dest_IT_FEMALE_90-94,-0.002096319023348541
age_gender_dest_IT_FEMALE_95-99,-0.002096319023348541
age_gender_dest_IT_MALE_100+,-0.005546416758836604
age_gender_dest_IT_MALE_15-19,-0.0051349720882094795
age_gender_dest_IT_MALE_20-24,-0.017416108019706323
age_gender_dest_IT_MALE_25-29,-0.022970428323328716
age_gender_dest_IT_MALE_30-34,-0.029286814145722824
age_gender_dest_IT_MALE_35-39,-0.01989157587125431
age_gender_dest_IT_MALE_40-44,-0.01637507662098698
age_gender_dest_IT_MALE_45-49,-0.013906808132673488
age_gender_dest_IT_MALE_50-54,-0.011289763939154126
age_gender_dest_IT_MALE_55-59,-0.01148279223909696
age_gender_dest_IT_MALE_60-64,-0.00811927493822656
age_gender_dest_IT_MALE_65-69,-0.00838557074265882
age_gender_dest_IT_MALE_70-74,-0.006629282577592505
age_gender_dest_IT_MALE_75-79,-0.0036309480681190726
age_gender_dest_IT_MALE_80-84,-0.004192667510381147
age_gender_dest_IT_OTHER_25-29,-0.0020963190233485407
age_gender_dest_IT_OTHER_30-34,-0.0029646497384883583
age_gender_dest_IT_OTHER_45-49,-0.0020963190233485407
age_gender_dest_IT_OTHER_50-54,-0.002096319023348542
age_gender_dest_NDF_-unknown-_100+,-0.01256404752417622
age_gender_dest_NDF_-unknown-_15-19,-0.017462135421805386
age_gender_dest_NDF_-unknown-_20-24,-0.017697612016935906
age_gender_dest_NDF_-unknown-_25-29,-0.029172142384328165
age_gender_dest_NDF_-unknown-_30-34,-0.28551399633382274
age_gender_dest_NDF_-unknown-_35-39,-0.02364620763369036
age_gender_dest_NDF_-unknown-_40-44,-0.020627772010512208
age_gender_dest_NDF_-unknown-_45-49,-0.016954349072295375
age_gender_dest_NDF_-unknown-_50-54,-0.016233920421040632
age_gender_dest_NDF_-unknown-_55-59,-0.013065802028136491
age_gender_dest_NDF_-unknown-_60-64,-0.010493081193635468
age_gender_dest_NDF_-unknown-_65-69,-0.008566761812940318
age_gender_dest_NDF_-unknown-_70-74,-0.006704064627753425
age_gender_dest_NDF_-unknown-_75-79,-0.0037089517862292
age_gender_dest_NDF_-unknown-_80-84,-0.00214131414986885
age_gender_dest_NDF_-unknown-_85-89,-0.0027085909946077146
age_gender_dest_NDF_-unknown-_90-94,-0.0021413141498688388
age_gender_dest_NDF_-unknown-_95-99,-0.001915245113634545
age_gender_dest_NDF_FEMALE_100+,-0.014275546633331243
age_gender_dest_NDF_FEMALE_15-19,-0.021651841456213072
age_gender_dest_NDF_FEMALE_20-24,-0.05664870506852408
age_gender_dest_NDF_FEMALE_25-29,-0.0755441458660135
age_gender_dest_NDF_FEMALE_30-34,-0.09312632565590416
age_gender_dest_NDF_FEMALE_35-39,-0.0567739982945368
age_gender_dest_NDF_FEMALE_40-44,-0.04742717786535346
age_gender_dest_NDF_FEMALE_45-49,-0.0412326242516945
age_gender_dest_NDF_FEMALE_50-54,-0.036423821508150975
age_gender_dest_NDF_FEMALE_55-59,-0.031344119676688514
age_gender_dest_NDF_FEMALE_60-64,-0.026289093950235643
age_gender_dest_NDF_FEMALE_65-69,-0.01928991057026332
age_gender_dest_NDF_FEMALE_70-74,-0.012379938634767749
age_gender_dest_NDF_FEMALE_75-79,-0.008404541154243923
age_gender_dest_NDF_FEMALE_80-84,-0.00620665598819862
age_gender_dest_NDF_FEMALE_85-89,-0.005417486574826008
age_gender_dest_NDF_FEMALE_90-94,-0.005903652114280369
age_gender_dest_NDF_FEMALE_95-99,-0.005584243509038645
age_gender_dest_NDF_MALE_100+,-0.014371780448057089
age_gender_dest_NDF_MALE_15-19,-0.01730338204569286
age_gender_dest_NDF_MALE_20-24,-0.04750624433800917
age_gender_dest_NDF_MALE_25-29,-0.07036474285475562
age_gender_dest_NDF_MALE_30-34,-0.0852936952070823
age_gender_dest_NDF_MALE_35-39,-0.05674061207048022
age_gender_dest_NDF_MALE_40-44,-0.04769352579752967
age_gender_dest_NDF_MALE_45-49,-0.04060574316730849
age_gender_dest_NDF_MALE_50-54,-0.032718300455960865
age_gender_dest_NDF_MALE_55-59,-0.026655432909460836
age_gender_dest_NDF_MALE_60-64,-0.02192672914558977
age_gender_dest_NDF_MALE_65-69,-0.017250141589328184
age_gender_dest_NDF_MALE_70-74,-0.011574848222681915
age_gender_dest_NDF_MALE_75-79,-0.007955821848663882
age_gender_dest_NDF_MALE_80-84,-0.005980841325270857
age_gender_dest_NDF_MALE_85-89,-0.004976220882423803
age_gender_dest_NDF_MALE_90-94,-0.005584243509038635
age_gender_dest_NDF_MALE_95-99,-0.005746166090005599
age_gender_dest_NDF_OTHER_15-19,-0.002345697620009596
age_gender_dest_NDF_OTHER_20-24,-0.0021413141498688353
age_gender_dest_NDF_OTHER_25-29,-0.00317612679275174
age_gender_dest_NDF_OTHER_30-34,-0.0067721438096908304
age_gender_dest_NDF_OTHER_35-39,-0.0021413141498688414
age_gender_dest_NDF_OTHER_40-44,-0.0028729013195326635
age_gender_dest_NDF_OTHER_45-49,-0.0028729013195326414
age_gender_dest_NDF_OTHER_50-54,-0.002345697620009625
age_gender_dest_NDF_OTHER_55-59,-0.0013542764627099322
age_gender_dest_NDF_OTHER_75-79,-0.0016586470375022447
age_gender_dest_NL_-unknown-_100+,0.0002560968130685787
age_gender_dest_NL_-unknown-_15-19,0.0004049274610168778
age_gender_dest_NL_-unknown-_20-24,0.000572660614510924
age_gender_dest_NL_-unknown-_25-29,0.0007683192361036846
age_gender_dest_NL_-unknown-_30-34,0.0022480409875699037
age_gender_dest_NL_-unknown-_35-39,0.0006006129264757084
age_gender_dest_NL_-unknown-_40-44,0.00040492746101687606
age_gender_dest_NL_-unknown-_45-49,0.0003621772831121231
age_gender_dest_NL_-unknown-_50-54,0.0004049274610168783
age_gender_dest_NL_-unknown-_55-59,0.00040492746101687704
age_gender_dest_NL_-unknown-_60-64,0.0004435768481901925
age_gender_dest_NL_-unknown-_70-74,0.00025609681306857805
age_gender_dest_NL_FEMALE_100+,0.0002560968130685787
age_gender_dest_NL_FEMALE_15-19,0.00031365399311452226
age_gender_dest_NL_FEMALE_20-24,0.0012148962247856723
age_gender_dest_NL_FEMALE_25-29,0.0013308801986769393
age_gender_dest_NL_FEMALE_30-34,0.001547472173904093
age_gender_dest_NL_FEMALE_35-39,0.0009234221068072673
age_gender_dest_NL_FEMALE_40-44,0.0007013713657679953
age_gender_dest_NL_FEMALE_45-49,0.000543272287787215
age_gender_dest_NL_FEMALE_50-54,0.00047911887783827045
age_gender_dest_NL_FEMALE_55-59,0.0004049274610168757
age_gender_dest_NL_FEMALE_60-64,0.0004791188778382693
age_gender_dest_NL_FEMALE_65-69,0.0003621772831121241
age_gender_dest_NL_FEMALE_70-74,0.00031365399311452367
age_gender_dest_NL_FEMALE_85-89,0.00018108736896802342
age_gender_dest_NL_MALE_100+,0.00031365399311452286
age_gender_dest_NL_MALE_15-19,0.00040492746101687563
age_gender_dest_NL_MALE_20-24,0.0010244592480611698
age_gender_dest_NL_MALE_25-29,0.0012806280660254687
age_gender_dest_NL_MALE_30-34,0.0015368328990917031
age_gender_dest_NL_MALE_35-39,0.0012806280660254648
age_gender_dest_NL_MALE_40-44,0.0008494168347242974
age_gender_dest_NL_MALE_45-49,0.000701371365767999
age_gender_dest_NL_MALE_50-54,0.0003621772831121241
age_gender_dest_NL_MALE_55-59,0.0005122008251086854
age_gender_dest_NL_MALE_60-64,0.00044357684819019126
age_gender_dest_NL_MALE_65-69,0.0004791188778382694
age_gender_dest_NL_MALE_70-74,0.0002560968130685781
age_gender_dest_NL_MALE_75-79,0.00025609681306857805
age_gender_dest_NL_OTHER_20-24,0.00018108736896802345
age_gender_dest_NL_OTHER_25-29,0.00018108736896802345
age_gender_dest_NL_OTHER_35-39,0.00018108736896802345
age_gender_dest_PT_-unknown-_100+,0.0013197905651262996
age_gender_dest_PT_-unknown-_15-19,0.0013197905651263053
age_gender_dest_PT_-unknown-_20-24,0.0013197905651262999
age_gender_dest_PT_-unknown-_25-29,0.0018664700888470407
age_gender_dest_PT_-unknown-_30-34,0.009877680914840406
age_gender_dest_PT_-unknown-_35-39,0.0018664700888470379
age_gender_dest_PT_-unknown-_40-44,0.0022859550237313087
age_gender_dest_PT_-unknown-_45-49,0.0013197905651263007
age_gender_dest_PT_-unknown-_55-59,0.001866470088847039
age_gender_dest_PT_FEMALE_15-19,0.001866470088847037
age_gender_dest_PT_FEMALE_20-24,0.004938354502537109
age_gender_dest_PT_FEMALE_25-29,0.005279347764388536
age_gender_dest_PT_FEMALE_30-34,0.0061906710043736326
age_gender_dest_PT_FEMALE_35-39,0.003232851316390009
age_gender_dest_PT_FEMALE_40-44,0.002951169071902651
age_gender_dest_PT_FEMALE_45-49,0.0013197905651262996
age_gender_dest_PT_FEMALE_50-54,0.0022859550237313135
age_gender_dest_PT_FEMALE_55-59,0.0029511690719026514
age_gender_dest_PT_FEMALE_60-64,0.001866470088847041
age_gender_dest_PT_FEMALE_70-74,0.0018664700888470392
age_gender_dest_PT_MALE_15-19,0.001319790565126299
age_gender_dest_PT_MALE_20-24,0.003491886696175732
age_gender_dest_PT_MALE_25-29,0.005111694517765304
age_gender_dest_PT_MALE_30-34,0.005902545549282063
age_gender_dest_PT_MALE_35-39,0.004173632210562706
age_gender_dest_PT_MALE_40-44,0.002639599679858753
age_gender_dest_PT_MALE_45-49,0.002285955023731311
age_gender_dest_PT_MALE_50-54,0.002639599679858784
age_gender_dest_PT_MALE_55-59,0.0018664700888470656
age_gender_dest_PT_MALE_60-64,0.001319790565126317
age_gender_dest_PT_MALE_65-69,0.0018664700888470628
age_gender_dest_PT_OTHER_25-29,0.0013197905651263025
age_gender_dest_US_-unknown-_100+,0.04489823212596599
age_gender_dest_US_-unknown-_15-19,0.042469739529396464
age_gender_dest_US_-unknown-_20-24,0.058722407500075534
age_gender_dest_US_-unknown-_25-29,0.10880892138633819
age_gender_dest_US_-unknown-_30-34,0.29478584116309925
age_gender_dest_US_-unknown-_35-39,0.08490247285747586
age_gender_dest_US_-unknown-_40-44,0.06812059865202899
age_gender_dest_US_-unknown-_45-49,0.05459485817215311
age_gender_dest_US_-unknown-_50-54,0.04576762957474461
age_gender_dest_US_-unknown-_55-59,0.04167745659908499
age_gender_dest_US_-unknown-_60-64,0.036732247756759095
age_gender_dest_US_-unknown-_65-69,0.02836150409132266
age_gender_dest_US_-unknown-_70-74,0.015550300480597325
age_gender_dest_US_-unknown-_75-79,0.010716777735237522
age_gender_dest_US_-unknown-_80-84,0.0034768433646255323
age_gender_dest_US_-unknown-_85-89,0.004258256054348112
age_gender_dest_US_-unknown-_95-99,0.0034768433646255293
age_gender_dest_US_FEMALE_100+,0.033634054075242815
age_gender_dest_US_FEMALE_15-19,0.041017906382323145
age_gender_dest_US_FEMALE_20-24,0.12168391920172945
age_gender_dest_US_FEMALE_25-29,0.18844582455078332
age_gender_dest_US_FEMALE_30-34,0.198728537416041
age_gender_dest_US_FEMALE_35-39,0.12865889976924322
age_gender_dest_US_FEMALE_40-44,0.09843007045638896
age_gender_dest_US_FEMALE_45-49,0.0788223042856525
age_gender_dest_US_FEMALE_50-54,0.07096646263667317
age_gender_dest_US_FEMALE_55-59,0.06529232137582155
age_gender_dest_US_FEMALE_60-64,0.05272807144536308
age_gender_dest_US_FEMALE_65-69,0.04027247331284224
age_gender_dest_US_FEMALE_70-74,0.024835446380760448
age_gender_dest_US_FEMALE_75-79,0.013009949046197828
age_gender_dest_US_FEMALE_80-84,0.0073756195024269776
age_gender_dest_US_FEMALE_85-89,0.008516691663044139
age_gender_dest_US_FEMALE_90-94,0.00851669166304415
age_gender_dest_US_FEMALE_95-99,0.0069537844645414255
age_gender_dest_US_MALE_100+,0.02981785219628196
age_gender_dest_US_MALE_15-19,0.028574086734852466
age_gender_dest_US_MALE_20-24,0.09577744623654319
age_gender_dest_US_MALE_25-29,0.168812326324215
age_gender_dest_US_MALE_30-34,0.18623306605625592
age_gender_dest_US_MALE_35-39,0.12911594795520187
age_gender_dest_US_MALE_40-44,0.10249382449976202
age_gender_dest_US_MALE_45-49,0.08256746697322498
age_gender_dest_US_MALE_50-54,0.06547842685097408
age_gender_dest_US_MALE_55-59,0.05341438499257081
age_gender_dest_US_MALE_60-64,0.04596593946437035
age_gender_dest_US_MALE_65-69,0.03589836686770615
age_gender_dest_US_MALE_70-74,0.022130591458111998
age_gender_dest_US_MALE_75-79,0.014545803769340292
age_gender_dest_US_MALE_80-84,0.010430921048775585
age_gender_dest_US_MALE_85-89,0.008154092364930563
age_gender_dest_US_MALE_90-94,0.0069537844645413864
age_gender_dest_US_MALE_95-99,0.0054974106827883505
age_gender_dest_US_OTHER_15-19,0.0034768433646255323
age_gender_dest_US_OTHER_20-24,0.00549741068278835
age_gender_dest_US_OTHER_25-29,0.011791129543704157
age_gender_dest_US_OTHER_30-34,0.016309445581878166
age_gender_dest_US_OTHER_35-39,0.00983432060007093
age_gender_dest_US_OTHER_40-44,0.007375619502426961
age_gender_dest_US_OTHER_45-49,0.005497410682788403
age_gender_dest_US_OTHER_50-54,0.006953784464541443
age_gender_dest_US_OTHER_55-59,0.0034768433646255284
age_gender_dest_US_OTHER_60-64,0.0034768433646255505
age_gender_dest_other_-unknown-_100+,0.027634348860052456
age_gender_dest_other_-unknown-_15-19,0.02900587787190112
age_gender_dest_other_-unknown-_20-24,0.03451045832302113
age_gender_dest_other_-unknown-_25-29,0.05736389215810366
age_gender_dest_other_-unknown-_30-34,0.17830445198502579
age_gender_dest_other_-unknown-_35-39,0.050383777037485714
age_gender_dest_other_-unknown-_40-44,0.03892021132013698
age_gender_dest_other_-unknown-_45-49,0.03177531515128237
age_gender_dest_other_-unknown-_50-54,0.025183210423968528
age_gender_dest_other_-unknown-_55-59,0.028556013277778007
age_gender_dest_other_-unknown-_60-64,0.020665872425302108
age_gender_dest_other_-unknown-_65-69,0.016485199686610975
age_gender_dest_other_-unknown-_70-74,0.009517422332850554
age_gender_dest_other_-unknown-_75-79,0.006230557084964953
age_gender_dest_other_-unknown-_80-84,0.003597196957442877
age_gender_dest_other_-unknown-_85-89,0.005087216640403997
age_gender_dest_other_FEMALE_100+,0.01970399774336274
age_gender_dest_other_FEMALE_15-19,0.02275274985725361
age_gender_dest_other_FEMALE_20-24,0.06489866458250984
age_gender_dest_other_FEMALE_25-29,0.09855446126200239
age_gender_dest_other_FEMALE_30-34,0.11304263987087113
age_gender_dest_other_FEMALE_35-39,0.06887734533737488
age_gender_dest_other_FEMALE_40-44,0.05089577790399097
age_gender_dest_other_FEMALE_45-49,0.04118434443014735
age_gender_dest_other_FEMALE_50-54,0.03721893733378439
age_gender_dest_other_FEMALE_55-59,0.03669320915721819
age_gender_dest_other_FEMALE_60-64,0.027867619547589054
age_gender_dest_other_FEMALE_65-69,0.02158495148997001
age_gender_dest_other_FEMALE_70-74,0.013932340821759787
age_gender_dest_other_FEMALE_75-79,0.008811400252789642
age_gender_dest_other_FEMALE_80-84,0.006230557084964821
age_gender_dest_other_FEMALE_85-89,0.0035971969574428646
age_gender_dest_other_FEMALE_90-94,0.007194444473352063
age_gender_dest_other_FEMALE_95-99,0.0035971969574428767
age_gender_dest_other_MALE_100+,0.019372769144317972
age_gender_dest_other_MALE_15-19,0.022466487715996103
age_gender_dest_other_MALE_20-24,0.0606612674816067
age_gender_dest_other_MALE_25-29,0.09828966923031439
age_gender_dest_other_MALE_30-34,0.11188148860929417
age_gender_dest_other_MALE_35-39,0.08028743627898462
age_gender_dest_other_MALE_40-44,0.06459798320241772
age_gender_dest_other_MALE_45-49,0.04814729488133143
age_gender_dest_other_MALE_50-54,0.04149773240526841
age_gender_dest_other_MALE_55-59,0.03432230859696554
age_gender_dest_other_MALE_60-64,0.029228216872565018
age_gender_dest_other_MALE_65-69,0.026922425930552656
age_gender_dest_other_MALE_70-74,0.017986996031159316
age_gender_dest_other_MALE_75-79,0.008811400252789649
age_gender_dest_other_MALE_80-84,0.006230557084964842
age_gender_dest_other_MALE_85-89,0.00508721664040402
age_gender_dest_other_MALE_90-94,0.006230557084964955
age_gender_dest_other_MALE_95-99,0.003597196957442878
age_gender_dest_other_OTHER_20-24,0.003597196957442877
age_gender_dest_other_OTHER_25-29,0.008811400252789658
age_gender_dest_other_OTHER_30-34,0.008811400252789647
age_gender_dest_other_OTHER_35-39,0.005087216640404006
age_gender_dest_other_OTHER_40-44,0.007194444473352056
age_gender_dest_other_OTHER_45-49,0.003597196957442851
age_gender_dest_other_OTHER_50-54,0.0035971969574428767
age_gender_dest_other_OTHER_60-64,0.0035971969574428763
